Time (s),T1,T2,T3,T_median,Output Power,Output %,Duty Cycle
0,15.32,15.32,15.52,15.32,255,100%,110
1,15.23,15.03,15.42,15.23,255,100%,110
2,14.93,15.03,15.42,15.03,255,100%,110
3,15.32,15.23,15.32,15.32,255,100%,110
4,14.93,15.13,15.32,15.13,255,100%,110
5,14.83,14.63,15.13,14.83,255,100%,110
6,14.93,13.84,15.23,14.93,255,100%,110
7,14.63,14.73,14.93,14.73,255,100%,110
8,14.63,14.53,14.83,14.63,255,100%,110
9,14.43,14.43,14.73,14.43,255,100%,110
10,13.94,14.33,14.83,14.33,255,100%,110
11,14.24,14.53,14.53,14.53,255,100%,110
12,14.04,14.14,14.43,14.14,255,100%,110
13,13.84,13.94,14.33,13.94,255,100%,110
14,13.94,13.94,14.24,13.94,255,100%,110
15,13.74,13.84,14.24,13.84,255,100%,110
16,13.64,13.74,13.94,13.74,255,100%,110
17,13.24,13.74,14.43,13.74,255,100%,110
18,13.44,13.44,13.84,13.44,255,100%,110
19,13.14,13.24,13.64,13.24,255,100%,110
20,13.24,13.04,13.54,13.24,255,100%,110
21,13.14,13.14,13.44,13.14,255,100%,110
22,13.34,13.14,14.04,13.34,255,100%,110
23,12.94,12.74,13.24,12.94,255,100%,110
24,12.54,12.94,13.34,12.94,255,100%,110
25,12.74,12.64,13.04,12.74,255,100%,110
26,12.74,12.74,12.94,12.74,255,100%,110
27,12.54,12.25,12.94,12.54,255,100%,110
28,12.35,12.35,12.74,12.35,255,100%,110
29,12.44,12.35,12.74,12.44,255,100%,110
30,12.25,12.05,12.54,12.25,255,100%,110
31,12.35,12.25,13.74,12.35,255,100%,110
32,12.15,11.94,12.44,12.15,255,100%,110
33,12.15,10.23,12.54,12.15,255,100%,110
34,11.94,11.94,12.25,11.94,255,100%,110
35,11.34,11.64,12.15,11.64,255,100%,110
36,11.84,11.54,12.35,11.84,255,100%,110
37,11.74,11.34,12.05,11.74,255,100%,110
38,11.34,11.44,11.94,11.44,255,100%,110
39,11.44,11.64,11.94,11.64,255,100%,110
40,11.24,11.34,11.74,11.34,255,100%,110
41,11.14,11.84,11.44,11.44,255,100%,110
42,10.84,11.34,11.54,11.34,255,100%,110
43,11.14,11.24,11.44,11.24,255,100%,110
44,10.84,10.84,11.44,10.84,255,100%,110
45,10.94,11.04,11.34,11.04,255,100%,110
46,10.84,11.14,11.24,11.14,255,100%,110
47,10.74,10.94,11.04,10.94,255,100%,110
48,10.64,10.64,11.04,10.64,255,100%,110
49,10.84,10.64,11.04,10.84,255,100%,110
50,10.74,10.44,10.94,10.74,255,100%,110
51,10.44,10.44,11.14,10.44,255,100%,110
52,10.34,10.54,10.74,10.54,255,100%,110
53,10.34,7.58,10.64,10.34,255,100%,110
54,10.34,10.13,10.64,10.34,255,100%,110
55,9.93,9.93,10.54,9.93,255,100%,110
56,10.13,9.93,10.44,10.13,255,100%,110
57,10.03,9.83,10.34,10.03,255,100%,110
58,10.03,9.83,10.34,10.03,255,100%,110
59,9.83,10.03,10.23,10.03,255,100%,110
60,9.73,9.93,10.13,9.93,255,100%,110
61,9.73,9.73,10.13,9.73,255,100%,110
62,9.73,9.93,10.03,9.93,255,100%,110
63,9.63,9.73,9.93,9.73,255,100%,110
64,9.53,9.73,9.83,9.73,255,100%,110
65,9.42,9.53,9.83,9.53,255,100%,110
66,9.42,9.32,9.73,9.42,255,100%,110
67,9.32,9.12,9.73,9.32,255,100%,110
68,9.22,9.32,9.63,9.32,255,100%,110
69,9.12,9.53,9.53,9.53,255,100%,110
70,9.12,9.22,9.53,9.22,255,100%,110
71,9.12,8.91,9.42,9.12,255,100%,110
72,8.91,8.91,9.42,8.91,255,100%,110
73,8.91,9.22,9.32,9.22,255,100%,110
74,9.12,7.68,9.22,9.12,255,100%,110
75,8.81,8.91,9.12,8.91,255,100%,110
76,8.71,8.81,9.02,8.81,255,100%,110
77,8.71,9.02,9.12,9.02,255,100%,110
78,8.71,9.12,9.02,9.02,255,100%,110
79,8.61,8.4,9.02,8.61,255,100%,110
80,8.61,8.3,8.81,8.61,255,100%,110
81,8.4,8.4,8.91,8.4,255,100%,110
82,8.4,8.61,8.61,8.61,255,100%,110
83,8.4,8.3,8.61,8.4,255,100%,110
84,8.4,8.3,8.81,8.4,255,100%,110
85,8.3,8.1,8.81,8.3,255,100%,110
86,8.3,8.3,8.51,8.3,255,100%,110
87,7.99,8.3,8.4,8.3,255,100%,110
88,7.89,9.42,8.4,8.4,255,100%,110
89,8.1,7.89,8.3,8.1,255,100%,110
90,7.99,8.2,8.4,8.2,255,100%,110
91,7.89,8.1,8.2,8.1,255,100%,110
92,7.48,7.58,8.4,7.58,255,100%,110
93,7.79,7.99,8.2,7.99,255,100%,110
94,7.58,7.68,7.99,7.68,255,100%,110
95,7.58,7.68,8.1,7.68,255,100%,110
96,7.58,7.79,8.1,7.79,255,100%,110
97,7.58,7.68,7.99,7.68,255,100%,110
98,7.48,7.37,7.79,7.48,255,100%,110
99,7.37,7.27,7.27,7.27,255,100%,110
100,7.48,7.27,7.89,7.48,255,100%,110
101,7.58,7.17,7.68,7.58,255,100%,110
102,7.37,6.96,7.68,7.37,255,100%,110
103,7.27,7.27,7.68,7.27,255,100%,110
104,7.27,7.37,7.68,7.37,255,100%,110
105,7.17,7.37,7.79,7.37,255,100%,110
106,7.06,7.17,7.48,7.17,255,100%,110
107,7.17,7.17,7.37,7.17,255,100%,110
108,7.06,6.96,7.48,7.06,255,100%,110
109,7.06,7.06,7.27,7.06,255,100%,110
110,6.96,7.06,7.17,7.06,255,100%,110
111,7.06,6.75,7.37,7.06,255,100%,110
112,7.27,6.65,7.27,7.27,255,100%,110
113,6.86,6.75,7.06,6.86,255,100%,110
114,6.75,6.54,6.86,6.75,255,100%,110
115,6.65,6.96,7.06,6.96,255,100%,110
116,6.96,6.44,7.06,6.96,255,100%,110
117,6.54,6.75,6.96,6.75,255,100%,110
118,6.54,6.86,6.96,6.86,255,100%,110
119,6.65,6.54,7.06,6.65,255,100%,110
120,6.44,6.23,6.86,6.44,255,100%,110
121,6.13,6.33,6.96,6.33,255,100%,110
122,6.33,6.54,6.75,6.54,255,100%,110
123,6.54,6.02,6.54,6.54,255,100%,110
124,6.33,6.44,6.65,6.44,255,100%,110
125,6.44,6.23,6.54,6.44,255,100%,110
126,6.33,6.13,6.54,6.33,255,100%,110
127,6.23,6.02,6.44,6.23,255,100%,110
128,6.02,6.02,6.44,6.02,253.32,99%,110
129,6.23,6.13,6.54,6.23,255,100%,110
130,6.02,6.02,6.54,6.02,253.32,99%,110
131,5.92,5.81,6.33,5.92,252.23,99%,110
132,6.02,6.23,6.13,6.13,255,100%,110
133,5.92,5.92,6.44,5.92,251.18,99%,110
134,5.92,6.23,6.33,6.23,255,100%,110
135,5.92,5.92,6.13,5.92,250.13,98%,110
136,5.92,5.6,6.33,5.92,253.23,99%,110
137,5.92,5.71,6.23,5.92,253.19,99%,110
138,5.71,5.71,6.02,5.71,246.74,97%,110
139,5.6,5.6,5.92,5.6,245.49,96%,110
140,5.81,5.81,6.13,5.81,252.75,99%,110
141,5.71,5.92,6.02,5.92,253.76,100%,110
142,5.71,5.5,5.92,5.71,246.26,97%,110
143,5.18,5.92,5.92,5.92,254.62,100%,110
144,5.5,5.39,5.92,5.5,239.65,94%,110
145,5.5,5.71,5.92,5.71,250.02,98%,110
146,5.5,5.6,6.02,5.6,244.56,96%,110
147,5.39,5.5,5.5,5.5,242.2,95%,110
148,5.6,5.39,5.81,5.6,246.21,97%,110
149,5.5,5.5,6.13,5.5,241.75,95%,110
150,5.28,5.39,5.6,5.39,239.34,94%,110
151,5.39,8.4,5.71,5.71,249.72,98%,110
152,5.39,11.94,5.6,5.6,243.21,95%,110
153,5.28,5.6,5.71,5.6,244.06,96%,110
154,5.18,5.07,5.5,5.18,230.99,91%,110
155,5.18,5.18,5.28,5.18,234.8,92%,110
156,5.28,5.39,5.5,5.39,240.83,94%,110
157,5.28,4.97,5.81,5.28,235.19,92%,110
158,5.07,5.07,5.39,5.07,229.44,90%,110
159,5.07,4.97,5.07,5.07,231.09,91%,110
160,5.07,4.97,5.5,5.07,230.63,90%,110
161,4.97,5.39,5.39,5.39,239.83,94%,110
162,4.75,5.07,5.39,5.07,226.69,89%,110
163,4.97,4.86,5.5,4.97,226.17,89%,110
164,7.27,5.18,5.39,5.39,239.61,94%,110
165,4.97,5.07,5.28,5.07,225.4,88%,110
166,4.86,4.86,5.39,4.86,221.65,87%,110
167,4.86,4.75,5.39,4.86,223.2,88%,110
168,4.97,4.86,5.28,4.97,225.86,89%,110
169,4.86,7.48,5.28,5.28,233.96,92%,110
170,4.97,4.75,5.18,4.97,220.75,87%,110
171,4.86,5.28,5.18,5.18,229.87,90%,110
172,4.86,4.86,5.18,4.86,217.65,85%,110
173,4.86,5.07,5.07,5.07,226.72,89%,110
174,4.86,4.86,4.97,4.86,217.67,85%,110
175,4.65,4.54,5.07,4.65,212.74,83%,110
176,4.75,4.75,4.65,4.75,217.43,85%,110
177,4.65,4.65,4.97,4.65,212.51,83%,110
178,4.65,4.86,5.18,4.86,219.37,86%,110
179,4.65,4.86,5.18,4.86,216.68,85%,110
180,4.44,4.97,4.97,4.97,219.34,86%,110
181,4.65,4.97,5.07,4.97,217.77,85%,110
182,4.75,4.86,5.07,4.86,214.02,84%,110
183,4.75,4.44,4.86,4.75,211.27,83%,110
184,4.65,4.12,5.07,4.65,208.47,82%,110
185,4.65,4.54,5.07,4.65,208.85,82%,110
186,4.65,3.79,4.75,4.65,208.18,82%,110
187,4.54,7.17,4.75,4.75,210.75,83%,110
188,4.54,4.65,4.97,4.65,205.82,81%,110
189,4.54,4.65,4.97,4.65,206.2,81%,110
190,4.65,4.65,5.07,4.65,205.53,81%,110
191,4.65,4.65,4.75,4.65,204.85,80%,110
192,4.75,4.22,4.44,4.44,197.68,78%,110
193,4.44,4.44,4.86,4.44,199.03,78%,110
194,4.12,4.33,4.54,4.33,194.99,76%,110
195,4.44,4.33,4.75,4.44,198.48,78%,110
196,4.12,4.65,4.86,4.65,203.12,80%,110
197,4.54,4.44,4.75,4.54,197.07,77%,110
198,6.13,4.33,4.97,4.97,210.37,82%,110
199,4.33,4.65,4.86,4.65,195.89,77%,110
200,4.22,4.54,4.75,4.54,195.15,77%,110
201,4.44,4.44,4.75,4.44,192.24,75%,110
202,4.65,4.33,4.86,4.65,199.02,78%,110
203,4.54,4.22,4.75,4.54,192.97,76%,110
204,4.54,4.33,4.65,4.54,193.3,76%,110
205,4.44,5.39,4.86,4.86,202.3,79%,110
206,4.97,4.33,4.86,4.86,198.54,78%,110
207,4.65,4.65,4.65,4.65,191.49,75%,110
208,4.65,4.12,4.65,4.65,192.94,76%,110
209,4.33,4.65,4.75,4.65,192.26,75%,110
210,4.65,8.3,4.33,4.65,191.59,75%,110
211,4.33,4.22,4.75,4.33,181.16,71%,110
212,4.33,4.65,4.54,4.54,190.03,75%,110
213,4.44,4.86,4.65,4.65,190.41,75%,110
214,4.33,4.22,4.65,4.33,178.92,70%,110
215,4.33,4.22,4.65,4.33,181.28,71%,110
216,4.44,4.33,4.65,4.44,183.7,72%,110
217,4.33,4.22,4.65,4.33,178.6,70%,110
218,4.44,4.12,8.51,4.44,182.08,71%,110
219,4.33,4.12,4.65,4.33,176.98,69%,110
220,4.22,4.22,4.75,4.22,173.95,68%,110
221,4.22,4.33,4.75,4.33,177.39,70%,110
222,4.33,4.22,4.75,4.33,175.49,69%,110
223,4.54,4.22,4.97,4.54,181.16,71%,110
224,4.33,5.5,4.75,4.75,184.78,72%,110
225,4.86,4.44,4.86,4.86,185.27,73%,110
226,4.33,4.33,4.75,4.33,167.41,66%,110
227,4.33,4.33,4.65,4.33,171.9,67%,110
228,4.44,4.54,4.75,4.54,177.56,70%,110
229,5.07,5.18,4.65,5.07,190.89,75%,110
230,4.44,4.33,4.65,4.44,165.68,65%,110
231,4.44,4.54,4.44,4.44,171.27,67%,110
232,4.44,4.65,4.65,4.65,176.99,69%,110
233,4.54,4.12,4.75,4.54,170.93,67%,110
234,4.33,4.22,4.65,4.33,164.77,65%,110
235,4.12,4.33,4.75,4.33,166.06,65%,110
236,4.33,4.33,4.75,4.33,165.23,65%,110
237,4.44,3.9,4.54,4.44,167.65,66%,110
238,4.44,4.22,4.75,4.44,165.8,65%,110
239,4.54,4.22,4.86,4.54,168.26,66%,110
240,4.33,4.33,4.75,4.33,159.97,63%,110
241,4.12,4.33,4.86,4.33,161.26,63%,110
242,4.22,4.97,4.75,4.75,173.42,68%,110
243,4.44,15.92,4.75,4.75,168.54,66%,110
244,4.54,4.44,4.75,4.54,161.43,63%,110
245,4.44,4.44,4.75,4.44,159.57,63%,110
246,4.44,4.44,4.75,4.44,159.86,63%,110
247,4.54,4.54,4.86,4.54,162.33,64%,110
248,4.44,4.75,4.86,4.75,167.02,65%,110
249,4.54,4.97,4.75,4.75,164.27,64%,110
250,4.44,6.02,4.75,4.75,163.65,64%,110
251,4.54,4.44,4.75,4.54,156.54,61%,110
252,4.54,4.44,4.75,4.54,157.93,62%,110
253,4.44,4.75,4.86,4.75,163.69,64%,110
254,4.44,6.23,4.75,4.75,160.94,63%,110
255,4.54,4.44,4.86,4.54,153.83,60%,110
256,4.65,4.44,4.75,4.65,158.48,62%,110
257,4.54,4.33,4.86,4.54,153.49,60%,110
258,4.54,4.33,12.05,4.54,153.83,60%,110
259,4.54,4.44,11.14,4.54,153.1,60%,110
260,4.54,4.44,4.97,4.54,152.37,60%,110
261,4.54,4.44,4.86,4.54,151.64,59%,110
262,4.54,4.54,4.86,4.54,150.91,59%,110
263,4.54,7.37,5.18,5.18,169.6,67%,110
264,4.54,4.54,4.97,4.54,143.41,56%,110
265,4.97,4.65,4.75,4.75,155.53,61%,110
266,4.54,4.65,4.97,4.65,149.54,59%,110
267,4.65,4.75,4.86,4.75,153.17,60%,110
268,4.65,4.75,4.86,4.75,151.48,59%,110
269,4.54,4.44,4.86,4.54,144.37,57%,110
270,4.65,5.81,4.97,4.97,158.73,62%,110
271,4.65,4.97,7.17,4.97,153.96,60%,110
272,4.65,4.86,4.86,4.86,150.21,59%,110
273,4.65,4.54,4.97,4.65,144.22,57%,110
274,4.75,4.65,4.86,4.75,148.91,58%,110
275,6.44,4.65,4.97,4.97,153.7,60%,110
276,4.65,4.54,4.86,4.65,141.35,55%,110
277,4.65,4.65,4.86,4.65,143.86,56%,110
278,4.65,4.65,4.97,4.65,143.18,56%,110
279,4.65,4.54,11.14,4.65,142.51,56%,110
280,4.54,4.54,11.24,4.54,138.59,54%,110
281,4.75,4.65,5.39,4.75,145.41,57%,110
282,4.65,4.65,5.07,4.65,139.42,55%,110
283,4.65,4.65,5.07,4.65,139.8,55%,110
284,4.75,12.74,5.18,5.18,155.3,61%,110
285,4.65,7.58,5.18,5.18,149.58,59%,110
286,17.4,4.65,5.07,5.07,145.95,57%,110
288,10.74,4.75,5.18,5.18,149.77,59%,110
289,15.23,4.75,5.07,5.07,145.07,57%,110
290,6.13,4.75,5.18,5.18,148.89,58%,110
291,4.97,4.75,5.07,4.97,140.97,55%,110
292,4.75,4.75,5.07,4.75,136.1,53%,110
293,4.97,4.86,5.18,4.97,144.07,56%,110
294,4.97,5.07,5.28,5.07,144.66,57%,110
295,4.86,5.39,5.07,5.07,143.14,56%,110
296,4.75,4.01,5.07,4.75,132.97,52%,110
297,4.97,5.92,5.18,5.18,148.46,58%,110
298,4.86,5.5,5.18,5.18,143.81,56%,110
299,4.75,4.65,5.18,4.75,130.47,51%,110
300,6.23,5.39,5.07,5.39,153.46,60%,110
301,4.86,4.75,5.28,4.86,130.67,51%,110
302,4.54,4.65,5.18,4.65,128.91,51%,110
303,4.86,4.75,5.39,4.86,136.84,54%,110
304,4.86,4.86,5.18,4.86,134.14,53%,110
305,4.86,4.86,5.28,4.86,133.57,52%,110
306,4.86,5.07,5.28,5.07,139.47,55%,110
307,5.07,17,5.28,5.28,143.33,56%,110
308,4.86,4.97,5.28,4.97,131.18,51%,110
309,4.97,4.97,5.39,4.97,133.84,52%,110
310,4.97,4.97,5.28,4.97,133.32,52%,110
311,5.07,4.97,5.28,5.07,136.04,53%,110
312,5.18,5.18,5.39,5.18,137.74,54%,110
313,5.07,5.5,5.28,5.28,139.49,55%,110
314,5.07,5.18,5.07,5.07,131.63,52%,110
315,5.07,5.6,5.39,5.39,142.95,56%,110
316,5.07,5.5,5.39,5.39,139.48,55%,110
317,5.07,4.97,5.28,5.07,129.5,51%,110
318,4.86,4.86,5.39,4.86,125.75,49%,110
319,4.97,4.86,5.07,4.97,130.53,51%,110
320,5.18,5.07,5.6,5.18,135.41,53%,110
321,5.18,5.07,5.39,5.18,132.88,52%,110
322,5.07,4.97,5.6,5.07,129.24,51%,110
323,5.28,4.97,5.6,5.28,136.29,53%,110
324,5.28,6.13,5.5,5.5,140.25,55%,110
325,5.39,13.44,5.39,5.39,134.67,53%,110
326,5.18,9.73,5.5,5.5,138.63,54%,110
327,5.28,5.18,5.5,5.28,130.89,51%,110
328,5.28,5.28,5.5,5.28,132.65,52%,110
329,5.18,5.18,5.6,5.18,129.07,51%,110
330,5.28,5.18,5.5,5.28,132.93,52%,110
331,5.18,5.28,5.5,5.28,131.52,52%,110
332,5.28,5.39,5.5,5.39,134.38,53%,110
333,5.28,6.33,5.28,5.28,129.8,51%,110
334,5.18,5.39,5.5,5.39,133.72,52%,110
335,5.28,11.54,5.5,5.5,135.57,53%,110
336,5.39,16.81,5.5,5.5,134.27,53%,110
337,5.28,5.5,5.5,5.5,134.01,53%,110
338,5.28,5.28,5.71,5.28,127.33,50%,110
339,5.07,5.39,5.6,5.39,132.3,52%,110
340,5.18,5.07,5.71,5.18,124.5,49%,110
341,5.28,5.07,5.6,5.28,129.42,51%,110
342,5.28,5.18,5.39,5.28,128.01,50%,110
343,5.28,5.28,5.81,5.28,127.65,50%,110
344,4.97,5.18,5.39,5.18,124.07,49%,110
345,5.39,5.81,5.81,5.81,143.99,56%,110
346,5.18,8.51,5.71,5.71,134.37,53%,110
347,5.39,25.03,5.81,5.81,138.48,54%,110
348,5.18,18.68,5.5,5.5,127.71,50%,110
349,5.28,5.39,5.6,5.39,127.4,50%,110
350,4.97,5.39,5.71,5.39,128.15,50%,110
351,5.5,5.39,5.71,5.5,131.06,51%,110
352,5.28,5.39,5.71,5.39,126.54,50%,110
353,5.28,5.28,5.71,5.28,124.07,49%,110
354,5.71,5.5,5.71,5.71,137.62,54%,110
355,5.5,6.02,5.71,5.71,133.26,52%,110
356,5.5,6.02,8.2,6.02,142.71,56%,110
357,5.39,5.39,5.71,5.39,120.34,47%,110
358,5.5,5.5,5.71,5.5,129.55,51%,110
359,5.39,5.39,5.81,5.39,125.04,49%,110
360,7.17,5.28,5.71,5.71,135.42,53%,110
361,5.39,5.39,5.71,5.39,122.48,48%,110
362,5.39,5.39,5.81,5.39,125.33,49%,110
363,5.5,5.39,5.71,5.5,128.24,50%,110
364,5.5,5.39,5.28,5.39,123.72,49%,110
365,5.5,5.28,5.81,5.5,127.68,50%,110
366,5.5,5.39,6.02,5.5,126.38,50%,110
367,5.5,6.54,5.92,5.92,138.95,54%,110
368,5.5,10.03,5.71,5.71,128.3,50%,110
369,5.5,6.86,5.81,5.81,133.45,52%,110
370,5.6,17.59,5.81,5.81,132.31,52%,110
371,5.5,5.6,5.81,5.6,125.8,49%,110
372,5.6,5.5,5.92,5.6,127.71,50%,110
373,5.5,5.5,5.81,5.5,124.29,49%,110
374,5.6,5.6,5.92,5.6,128.31,50%,110
375,5.6,5.71,5.81,5.71,130.26,51%,110
376,5.6,5.6,5.81,5.6,125.85,49%,110
377,5.5,5.71,7.79,5.71,129.91,51%,110
378,5.6,5.92,5.92,5.92,135.12,53%,110
379,5.6,5.5,5.81,5.6,123.37,48%,110
380,5.6,5.39,5.81,5.6,126.32,50%,110
381,5.39,5.39,6.02,5.39,119.69,47%,110
382,5.6,5.39,5.92,5.6,127.92,50%,110
383,5.71,5.5,6.13,5.71,128.82,51%,110
384,5.6,5.39,6.02,5.6,124.41,49%,110
385,5.6,5.39,5.92,5.6,125.27,49%,110
386,5.6,5.5,7.27,5.6,125.07,49%,110
387,5.5,6.65,6.02,6.02,137.68,54%,110
388,5.5,17.59,5.81,5.81,127.09,50%,110
389,5.6,16.51,5.92,5.92,132.29,52%,110
390,5.71,10.23,6.02,6.02,134.4,53%,110
391,5.71,6.75,6.02,6.02,133.36,52%,110
392,5.6,5.6,6.02,5.6,120.56,47%,110
393,5.71,5.6,5.92,5.71,127.77,50%,110
394,5.71,5.71,6.02,5.71,126.57,50%,110
395,5.6,5.71,6.13,5.71,126.42,50%,110
396,5.6,5.6,5.92,5.6,123.07,48%,110
397,5.71,5.71,5.92,5.71,127.13,50%,110
398,5.71,5.92,5.92,5.92,132.33,52%,110
399,5.71,6.65,5.92,5.92,130.19,51%,110
400,5.6,5.92,5.92,5.92,130.15,51%,110
401,5.6,10.74,5.92,5.92,130.11,51%,110
402,5.71,10.84,6.02,6.02,133.26,52%,110
403,5.92,13.84,5.92,5.92,129.03,51%,110
404,5.71,8.81,6.02,6.02,133.23,52%,110
405,5.71,5.71,6.02,5.71,122.59,48%,110
406,5.71,5.92,6.02,5.92,132,52%,110
407,6.96,5.71,6.33,6.33,142.62,56%,110
408,5.6,5.5,6.02,5.6,116.22,46%,110
409,5.6,6.33,5.5,5.6,123.36,48%,110
410,5.81,5.71,6.13,5.81,129.57,51%,110
411,6.13,5.6,6.23,6.13,136.97,54%,110
412,5.6,5.5,6.54,5.6,117.88,46%,110
413,5.5,5.6,5.92,5.6,122.93,48%,110
414,5.92,6.75,6.13,6.13,138.74,54%,110
415,6.13,6.86,6.44,6.44,143.11,56%,110
416,5.6,10.34,5.92,5.92,124.24,49%,110
417,5.92,6.44,6.13,6.13,135.82,53%,110
418,5.71,8.51,6.23,6.23,136.98,54%,110
419,5.71,17.69,6.13,6.13,132.86,52%,110
420,5.71,8.4,6.13,6.13,133.97,53%,110
421,5.81,5.71,6.13,5.81,124.44,49%,110
422,5.71,5.81,6.23,5.81,127.49,50%,110
423,6.65,5.71,6.13,6.13,136.99,54%,110
424,5.81,5.71,5.92,5.81,124.31,49%,110
425,5.81,5.92,6.02,5.92,130.56,51%,110
426,5.81,5.92,6.13,5.92,129.47,51%,110
427,5.81,5.71,6.13,5.81,126.23,50%,110
428,6.44,6.44,6.13,6.44,146.34,57%,110
429,5.92,6.54,6.13,6.13,130.72,51%,110
430,5.81,5.81,5.92,5.81,124.32,49%,110
431,5.71,6.86,6.02,6.02,133.77,52%,110
432,5.81,6.44,6.13,6.13,134.88,53%,110
433,5.81,10.54,6.02,6.02,130.7,51%,110
434,5.81,5.5,6.13,5.81,125.36,49%,110
435,5.81,6.13,6.13,6.13,136.95,54%,110
436,5.92,5.71,6.13,5.92,127.48,50%,110
437,5.71,5.71,6.13,5.71,123.13,48%,110
438,7.58,5.71,6.02,6.02,134.68,53%,110
439,5.81,5.71,6.13,5.81,125.15,49%,110
440,5.92,5.71,6.13,5.92,130.35,51%,110
441,5.81,5.71,6.13,5.81,126.06,49%,110
442,5.81,5.71,5.92,5.81,127.01,50%,110
443,5.81,5.71,6.02,5.81,126.92,50%,110
444,5.92,5.81,6.13,5.92,130.02,51%,110
445,4.75,5.71,5.81,5.71,122.53,48%,110
446,5.81,5.81,6.23,5.81,127.68,50%,110
447,5.81,8.51,6.02,6.02,132.94,52%,110
448,5.92,5.81,6.13,5.92,127.65,50%,110
449,5.6,5.81,6.13,5.81,125.46,49%,110
450,5.71,5.81,6.23,5.81,126.41,50%,110
451,5.81,5.92,6.23,5.92,129.52,51%,110
452,5.81,5.81,6.23,5.81,125.23,49%,110
453,5.92,5.81,6.23,5.92,129.38,51%,110
454,5.81,5.6,6.23,5.81,125.09,49%,110
455,5.92,6.33,6.13,6.13,135.64,53%,110
456,5.92,6.75,6.13,6.13,132.55,52%,110
457,5.92,7.17,5.92,5.92,126.23,50%,110
458,5.92,6.75,6.13,6.13,134.67,53%,110
459,5.92,7.37,6.23,6.23,135.83,53%,110
460,5.92,11.54,6.13,6.13,131.71,52%,110
461,5.92,6.75,6.13,6.13,132.82,52%,110
462,5.92,8.3,6.23,6.23,136.07,53%,110
463,5.92,5.81,6.23,5.92,125.56,49%,110
464,5.81,5.71,6.13,5.81,125.45,49%,110
465,5.71,6.13,6.13,6.13,136,53%,110
466,5.81,5.81,6.13,5.81,123.33,48%,110
467,5.92,5.71,6.13,5.92,129.58,51%,110
468,5.81,5.92,6.13,5.92,128.49,50%,110
469,5.92,5.81,6.02,5.92,128.44,50%,110
470,5.92,5.71,6.23,5.92,128.4,50%,110
471,5.81,5.71,6.23,5.81,125.16,49%,110
472,5.07,5.71,7.17,5.71,122.91,48%,110
473,5.92,5.81,6.33,5.92,130.22,51%,110
474,7.37,6.02,6.44,6.44,144.03,56%,110
475,5.92,10.34,6.13,6.13,129.46,51%,110
476,5.5,6.02,6.33,6.02,129.46,51%,110
477,6.02,10.44,6.23,6.23,136.9,54%,110
478,5.81,6.75,6.23,6.23,134.92,53%,110
479,5.92,10.44,6.23,6.23,135.04,53%,110
480,5.81,7.48,6.23,6.23,135.15,53%,110
481,5.92,5.92,6.13,5.92,125.69,49%,110
482,5.92,5.81,6.23,5.92,128.79,51%,110
483,6.02,5.81,6.13,6.02,131.94,52%,110
484,6.02,5.92,6.23,6.02,130.9,51%,110
485,5.92,6.02,6.33,6.02,130.91,51%,110
486,5.92,6.02,6.23,6.02,130.92,51%,110
487,5.92,6.65,6.13,6.13,134.13,53%,110
488,5.92,6.65,6.02,6.02,129.95,51%,110
489,6.02,6.54,6.23,6.23,137.39,54%,110
490,5.92,7.89,6.13,6.13,132.22,52%,110
491,5.92,6.13,6.23,6.13,133.33,52%,110
492,5.92,5.92,6.33,5.92,127,50%,110
493,5.81,5.92,6.33,5.92,129.06,51%,110
494,5.6,5.71,6.13,5.71,122.61,48%,110
495,5.81,5.71,6.13,5.81,127.77,50%,110
496,5.92,5.92,6.23,5.92,129.82,51%,110
497,5.92,5.92,6.75,5.92,128.73,50%,110
498,5.92,5.71,6.96,5.92,128.69,50%,110
499,5.92,5.71,6.23,5.92,128.65,50%,110
500,6.02,5.81,6.23,6.02,131.8,52%,110
501,5.81,5.92,6.13,5.92,127.57,50%,110
502,5.92,6.13,6.23,6.13,134.96,53%,110
503,6.02,7.17,6.23,6.23,136.12,53%,110
504,6.02,17.79,6.44,6.44,141.56,56%,110
505,6.02,17.79,6.23,6.23,133.32,52%,110
506,5.81,10.34,6.23,6.23,135.52,53%,110
507,5.81,7.27,6.23,6.23,135.64,53%,110
508,5.92,5.92,6.33,5.92,126.17,49%,110
509,5.92,5.92,6.13,5.92,129.27,51%,110
510,9.93,5.92,6.23,6.23,138.81,54%,110
511,5.92,5.92,6.23,5.92,126.2,49%,110
512,5.92,5.92,6.23,5.92,129.3,51%,110
513,6.02,6.02,6.23,6.02,132.46,52%,110
514,5.92,7.06,6.23,6.23,137.8,54%,110
515,5.92,6.02,6.23,6.02,129.44,51%,110
516,6.33,6.13,6.02,6.13,134.74,53%,110
517,5.92,6.96,6.13,6.13,133.75,52%,110
518,6.13,6.65,6.23,6.23,137.01,54%,110
519,5.92,7.37,6.13,6.13,132.89,52%,110
520,5.92,13.54,6.23,6.23,137.18,54%,110
521,5.92,12.74,6.13,6.13,133.06,52%,110
522,6.02,7.58,6.13,6.13,134.17,53%,110
523,5.92,6.33,6.23,6.23,137.43,54%,110
524,5.92,6.02,6.13,6.02,130.11,51%,110
525,6.02,5.92,6.23,6.02,132.21,52%,110
526,5.6,5.6,6.13,5.6,119.41,47%,110
527,5.81,5.71,6.13,5.81,129.83,51%,110
528,5.81,6.13,6.13,6.13,137.22,54%,110
529,5.92,5.81,6.13,5.92,127.75,50%,110
530,5.92,5.81,6.44,5.92,129.8,51%,110
531,5.92,5.71,6.33,5.92,129.76,51%,110
532,5.71,5.81,6.44,5.81,126.52,50%,110
533,6.02,5.81,7.17,6.02,133.87,52%,110
534,6.02,5.81,5.71,5.81,125.38,49%,110
535,5.81,6.75,6.23,6.23,140.17,55%,110
536,5.92,7.79,6.02,6.02,129.71,51%,110
537,5.92,6.02,6.23,6.02,131.81,52%,110
538,6.33,5.92,6.13,6.13,135.02,53%,110
539,6.02,5.81,6.23,6.02,130.84,51%,110
540,5.92,6.02,6.23,6.02,131.89,52%,110
541,6.02,6.02,6.33,6.02,131.91,52%,110
542,6.13,5.6,6.33,6.13,135.11,53%,110
543,5.92,6.13,6.23,6.13,134.13,53%,110
544,6.02,6.33,6.23,6.23,137.38,54%,110
545,5.92,7.06,5.92,5.92,126.87,50%,110
546,5.92,6.23,6.23,6.23,139.55,55%,110
547,5.92,5.81,6.13,5.92,126.94,50%,110
548,6.02,6.13,6.13,6.13,136.43,54%,110
549,6.02,5.81,6.23,6.02,131.2,51%,110
550,5.71,5.92,6.23,5.92,129.06,51%,110
551,5.92,5.71,6.23,5.92,130.07,51%,110
552,5.92,6.02,6.54,6.02,133.22,52%,110
553,5.92,5.92,6.33,5.92,128.99,51%,110
554,5.92,5.81,6.33,5.92,129.99,51%,110
555,5.92,5.71,6.33,5.92,129.95,51%,110
556,5.81,5.81,6.65,5.81,126.71,50%,110
557,6.02,5.81,9.32,6.02,134.06,53%,110
558,6.44,5.92,6.13,6.13,135.17,53%,110
559,5.81,6.44,6.23,6.23,137.37,54%,110
560,5.81,7.06,6.23,6.23,136.44,54%,110
561,5.81,6.02,6.33,6.02,130.17,51%,110
562,5.81,5.81,6.33,5.81,125.88,49%,110
563,6.02,5.81,6.23,6.02,134.28,53%,110
564,5.92,6.02,6.33,6.02,132.19,52%,110
565,6.13,5.92,6.33,6.13,135.4,53%,110
566,6.02,5.92,6.23,6.02,131.22,51%,110
567,5.92,6.23,6.23,6.23,138.66,54%,110
568,6.02,6.86,6.23,6.23,136.68,54%,110
569,6.02,6.75,6.02,6.02,130.41,51%,110
570,5.92,7.27,6.23,6.23,138.9,54%,110
571,5.92,6.23,6.23,6.23,136.92,54%,110
572,6.02,6.02,6.23,6.02,130.65,51%,110
573,5.81,6.13,6.33,6.13,135.95,53%,110
574,5.6,5.92,6.23,5.92,128.58,50%,110
576,5.81,5.81,6.02,5.81,127.43,50%,110
577,5.92,5.81,6.33,5.92,131.58,52%,110
578,6.02,5.5,6.13,6.02,133.69,52%,110
579,5.92,5.81,6.33,5.92,129.45,51%,110
580,5.92,5.71,6.13,5.92,130.46,51%,110
581,6.02,5.92,9.63,6.02,133.61,52%,110
582,6.02,5.81,6.13,6.02,132.58,52%,110
583,6.02,7.37,6.23,6.23,138.97,54%,110
584,5.92,5.92,6.23,5.92,127.41,50%,110
585,5.92,6.02,6.23,6.02,133.71,52%,110
586,6.13,6.02,6.23,6.13,135.87,53%,110
587,5.81,5.92,6.23,5.92,128.49,50%,110
588,6.02,5.92,6.23,6.02,133.74,52%,110
589,6.02,6.02,6.33,6.02,132.7,52%,110
590,6.44,6.23,6.23,6.23,139.1,55%,110
591,5.92,6.54,6.23,6.23,137.12,54%,110
592,5.92,6.86,6.33,6.33,140.42,55%,110
593,6.02,6.33,6.02,6.02,129.97,51%,110
594,6.02,7.27,6.23,6.23,139.5,55%,110
595,5.92,6.13,6.13,6.13,134.34,53%,110
596,6.02,5.6,6.23,6.02,132.25,52%,110
597,5.92,6.33,6.23,6.23,139.69,55%,110
598,5.81,5.28,6.23,5.81,124.93,49%,110
599,5.81,5.71,6.13,5.81,129.03,51%,110
600,5.39,5.81,6.54,5.81,128.93,51%,110
601,5.92,5.81,6.23,5.92,132.04,52%,110
602,6.33,5.81,6.33,6.33,143.72,56%,110
603,5.81,5.71,6.23,5.81,123.73,49%,110
604,6.13,5.81,6.23,6.13,138.46,54%,110
605,5.92,5.81,6.33,5.92,128.99,51%,110
606,5.6,5.81,6.02,5.81,127.84,50%,110
607,5.92,6.75,6.23,6.23,141.58,56%,110
608,6.13,7.68,6.23,6.23,137.5,54%,110
609,6.13,5.92,6.23,6.13,134.43,53%,110
610,6.33,5.92,6.23,6.23,138.72,54%,110
611,5.81,5.92,6.23,5.92,128.21,50%,110
612,6.02,5.92,6.33,6.02,134.51,53%,110
613,6.13,5.92,6.23,6.13,136.67,54%,110
614,6.02,5.92,6.23,6.02,132.49,52%,110
615,5.92,5.92,6.23,5.92,130.35,51%,110
616,5.6,5.39,6.23,5.6,121.74,48%,110
617,6.02,6.54,6.23,6.23,143.89,56%,110
618,6.02,6.54,6.02,6.02,131.32,51%,110
619,5.92,6.33,6.13,6.13,136.62,54%,110
620,5.92,9.53,6.23,6.23,138.83,54%,110
621,6.02,5.92,6.13,6.02,131.51,52%,110
622,6.02,6.23,6.13,6.13,136.81,54%,110
623,5.81,5.81,6.13,5.81,126.23,50%,110
624,5.71,5.92,6.33,5.92,132.48,52%,110
625,5.92,5.81,6.23,5.92,131.39,52%,110
626,5.92,5.6,6.44,5.92,131.35,52%,110
627,5.81,5.71,6.33,5.81,128.11,50%,110
628,5.92,5.81,5.92,5.92,132.26,52%,110
629,5.92,5.92,6.33,5.92,131.17,51%,110
630,5.81,5.92,7.58,5.92,131.13,51%,110
631,5.71,5.81,6.13,5.81,127.89,50%,110
632,5.92,5.92,6.44,5.92,132.04,52%,110
633,6.13,8.71,6.23,6.23,140.53,55%,110
634,5.92,9.02,6.33,6.33,140.69,55%,110
635,5.92,5.92,6.23,5.92,127.05,50%,110
636,5.81,5.81,6.96,5.81,127.99,50%,110
637,10.34,6.02,6.33,6.33,144.91,57%,110
638,5.92,5.92,6.23,5.92,127.08,50%,110
639,5.92,5.81,6.23,5.92,131.22,51%,110
640,5.92,5.92,6.13,5.92,131.18,51%,110
641,6.02,6.02,6.23,6.02,134.33,53%,110
642,5.92,6.23,6.23,6.23,139.68,55%,110
643,5.81,6.02,6.13,6.02,131.32,51%,110
644,5.92,6.44,6.13,6.13,136.62,54%,110
645,5.92,6.96,6.23,6.23,138.82,54%,110
646,6.02,5.6,6.13,6.02,131.5,52%,110
647,5.92,6.13,6.13,6.13,136.8,54%,110
648,5.81,5.81,6.13,5.81,126.23,50%,110
649,5.71,6.02,6.23,6.02,135.67,53%,110
650,5.92,5.71,5.07,5.71,123.98,49%,110
651,5.81,5.71,6.13,5.81,130.19,51%,110
652,5.92,5.5,6.86,5.92,132.25,52%,110
653,5.92,5.81,6.02,5.92,131.15,51%,110
654,6.02,5.81,7.06,6.02,134.31,53%,110
655,5.92,5.71,8.71,5.92,130.07,51%,110
656,5.92,5.71,6.23,5.92,131.08,51%,110
657,5.81,6.02,6.23,6.02,134.23,53%,110
658,6.02,7.68,6.02,6.02,133.2,52%,110
659,5.81,5.81,6.23,5.81,126.81,50%,110
660,5.92,5.92,6.13,5.92,132.01,52%,110
661,5.92,5.92,6.23,5.92,130.92,51%,110
662,6.02,5.92,6.23,6.02,134.08,53%,110
663,5.92,6.54,6.13,6.13,136.23,53%,110
664,6.44,5.81,6.23,6.23,138.44,54%,110
665,5.92,6.54,6.23,6.23,137.51,54%,110
666,5.81,6.86,6.23,6.23,137.62,54%,110
667,5.81,6.54,6.02,6.02,131.35,52%,110
668,6.02,6.75,6.13,6.13,136.65,54%,110
669,5.92,7.68,6.23,6.23,138.86,54%,110
670,5.92,6.23,6.13,6.13,134.74,53%,110
671,5.92,6.23,6.23,6.23,139.03,55%,110
672,5.92,6.13,6.44,6.13,134.91,53%,110
673,5.92,5.81,6.23,5.92,129.63,51%,110
674,5.6,5.92,6.33,5.92,131.68,52%,110
675,5.81,5.92,6.13,5.92,131.64,52%,110
676,5.92,5.6,6.23,5.92,131.6,52%,110
677,5.92,5.81,6.13,5.92,131.56,52%,110
678,5.92,5.71,6.13,5.92,131.52,52%,110
679,5.92,5.71,6.13,5.92,131.47,52%,110
680,5.92,5.81,6.33,5.92,131.43,52%,110
681,5.81,6.02,6.23,6.02,134.59,53%,110
682,5.71,8.61,6.13,6.13,136.74,54%,110
683,5.81,8.61,6.23,6.23,138.95,54%,110
684,5.92,17.79,6.13,6.13,134.83,53%,110
685,5.81,8.61,6.33,6.33,142.31,56%,110
686,5.92,17.79,6.23,6.23,137.2,54%,110
687,5.71,9.93,6.23,6.23,138.36,54%,110
688,5.81,5.92,6.23,5.92,128.9,51%,110
689,5.71,5.92,6.13,5.92,132,52%,110
690,5.92,5.81,6.13,5.92,131.95,52%,110
691,5.92,5.92,6.23,5.92,131.91,52%,110
692,6.02,5.92,6.23,6.02,135.07,53%,110
693,5.92,6.44,6.23,6.23,140.41,55%,110
694,5.81,6.44,6.13,6.13,135.24,53%,110
695,5.81,7.27,6.13,6.13,136.35,53%,110
696,5.81,6.13,5.92,5.92,130.02,51%,110
697,6.02,6.44,6.23,6.23,141.66,56%,110
698,5.92,11.34,6.13,6.13,135.44,53%,110
699,5.92,6.54,6.13,6.13,136.55,54%,110
700,5.92,12.64,6.23,6.23,139.8,55%,110
701,5.81,9.22,6.02,6.02,132.49,52%,110
702,5.81,5.71,6.13,5.81,128.19,50%,110
703,6.02,5.71,6.13,6.02,136.59,54%,110
704,5.81,5.81,6.23,5.81,128.11,50%,110
705,7.17,6.65,6.33,6.65,155.62,61%,110
706,5.71,5.71,6.13,5.71,118.87,47%,110
707,5.81,6.13,6.33,6.13,140.93,55%,110
708,5.92,5.81,6.02,5.92,130.41,51%,110
709,5.81,5.6,6.02,5.81,129.26,51%,110
710,5.81,5.6,6.75,5.81,130.21,51%,110
711,5.81,5.6,6.23,5.81,130.12,51%,110
712,5.92,5.81,6.33,5.92,133.23,52%,110
713,6.13,5.92,6.13,6.13,138.53,54%,110
714,6.44,8.51,6.13,6.44,146.05,57%,110
715,5.92,5.92,6.33,5.92,127.19,50%,110
716,5.92,5.81,6.23,5.92,132.37,52%,110
717,6.13,5.81,6.13,6.13,138.72,54%,110
718,5.81,5.81,6.13,5.81,127.1,50%,110
719,5.6,5.92,6.23,5.92,133.35,52%,110
720,5.92,5.92,6.13,5.92,132.26,52%,110
721,5.92,5.92,6.23,5.92,132.22,52%,110
722,5.81,6.23,6.02,6.02,135.37,53%,110
723,5.92,6.02,5.81,5.92,131.14,51%,110
724,5.81,6.13,6.23,6.13,138.53,54%,110
725,5.81,8.61,6.13,6.13,136.5,54%,110
726,5.81,6.13,6.13,6.13,136.56,54%,110
727,5.81,5.81,6.13,5.81,127.03,50%,110
728,5.92,5.71,6.13,5.92,133.29,52%,110
729,5.6,5.71,6.02,5.71,125.79,49%,110
730,5.71,6.02,6.13,6.02,137.34,54%,110
731,5.81,5.71,6.13,5.81,127.81,50%,110
732,5.81,5.81,6.44,5.81,129.81,51%,110
733,5.81,5.6,6.13,5.81,129.72,51%,110
734,6.23,5.71,6.02,6.02,136.02,53%,110
735,5.92,5.81,6.23,5.92,130.74,51%,110
736,5.18,5.71,5.71,5.71,125.34,49%,110
737,5.81,6.02,6.13,6.02,136.89,54%,110
738,5.28,9.22,6.23,6.23,140.14,55%,110
739,5.81,5.92,6.23,5.92,128.58,50%,110
740,5.5,5.81,6.13,5.81,128.48,50%,110
741,6.23,5.81,6.13,6.13,139.02,55%,110
742,5.92,5.92,6.13,5.92,129.55,51%,110
743,5.92,5.92,6.13,5.92,131.6,52%,110
744,5.71,5.71,6.13,5.71,125.16,49%,110
745,5.92,5.81,6.23,5.92,133.51,52%,110
746,5.92,6.33,6.13,6.13,137.76,54%,110
747,5.81,6.65,6.23,6.23,138.92,54%,110
748,5.81,6.33,6.02,6.02,131.6,52%,110
749,5.81,6.65,7.89,6.65,152.82,60%,110
750,5.92,6.23,6.13,6.13,130.96,51%,110
751,5.92,7.89,5.92,5.92,129.85,51%,110
752,5.81,5.71,6.13,5.81,128.7,50%,110
753,5.81,5.81,6.23,5.81,129.66,51%,110
754,7.68,5.92,6.13,6.13,139.16,55%,110
755,5.71,5.81,6.13,5.81,126.48,50%,110
756,5.81,5.6,6.13,5.81,129.53,51%,110
757,5.81,5.81,6.13,5.81,129.44,51%,110
758,5.81,5.71,6.23,5.81,129.34,51%,110
759,5.81,5.6,6.23,5.81,129.25,51%,110
760,5.71,5.6,9.02,5.71,125.95,49%,110
761,5.71,5.81,6.13,5.81,130.06,51%,110
762,6.13,6.13,6.23,6.13,138.5,54%,110
763,5.71,8.51,6.13,6.13,135.42,53%,110
764,5.92,8.81,5.92,5.92,129.09,51%,110
765,5.81,5.92,6.13,5.92,131.15,51%,110
766,5.39,5.81,6.23,5.81,127.9,50%,110
767,10.64,5.81,6.13,6.13,138.45,54%,110
768,5.92,5.92,6.13,5.92,128.98,51%,110
769,6.02,5.81,6.13,6.02,134.23,53%,110
770,5.81,5.81,6.13,5.81,126.79,50%,110
771,5.81,5.6,6.13,5.81,128.79,51%,110
772,5.92,5.92,6.23,5.92,131.9,52%,110
773,6.33,6.13,6.23,6.23,140.39,55%,110
774,5.81,5.92,6.02,5.92,127.78,50%,110
775,5.71,8.2,6.02,6.02,134.08,53%,110
776,5.92,7.48,6.13,6.13,136.24,53%,110
777,6.02,6.02,6.13,6.02,132.06,52%,110
778,5.81,5.6,6.02,5.81,126.72,50%,110
779,5.5,5.71,6.23,5.71,125.51,49%,110
780,5.81,5.71,6.02,5.81,129.62,51%,110
781,5.81,5.6,6.23,5.81,128.48,50%,110
782,5.81,5.71,6.33,5.81,128.38,50%,110
783,5.81,5.81,6.13,5.81,128.29,50%,110
784,5.92,5.71,6.23,5.92,131.39,52%,110
785,5.71,5.6,12.15,5.71,123.9,49%,110
786,6.33,5.71,6.13,6.13,138.65,54%,110
787,5.92,5.71,6.23,5.92,128.12,50%,110
788,5.92,5.81,6.23,5.92,130.18,51%,110
789,5.81,6.65,6.23,6.23,139.72,55%,110
790,5.92,8.61,6.33,6.33,139.88,55%,110
791,5.71,10.44,6.13,6.13,132.62,52%,110
792,5.71,6.02,6.02,6.02,131.58,52%,110
793,5.71,14.24,6.65,6.65,151.75,60%,110
794,5.81,6.86,6.13,6.13,129.89,51%,110
795,5.81,6.86,6.23,6.23,138.36,54%,110
796,5.81,10.34,6.33,6.33,140.62,55%,110
797,4.22,6.13,6.23,6.13,133.36,52%,110
798,5.92,8.61,6.33,6.33,141.89,56%,110
799,6.02,15.92,6.13,6.13,133.59,52%,110
800,5.6,10.23,6.13,6.13,135.75,53%,110
801,5.92,7.37,6.23,6.23,139,55%,110
802,5.81,5.81,6.13,5.81,125.29,49%,110
803,6.23,5.71,6.13,6.13,138.97,54%,110
804,5.71,5.71,6.13,5.71,123.09,48%,110
805,5.81,5.92,6.13,5.92,133.55,52%,110
806,5.81,5.92,6.13,5.92,131.41,52%,110
807,5.81,5.71,6.02,5.81,128.16,50%,110
808,5.71,5.81,6.02,5.81,129.12,51%,110
809,5.71,6.02,6.13,6.02,135.42,53%,110
810,5.71,6.75,6.02,6.02,133.33,52%,110
811,5.81,5.92,6.02,5.92,130.15,51%,110
812,5.81,5.71,6.02,5.81,127.95,50%,110
813,5.81,12.05,6.13,6.13,138.5,54%,110
814,5.71,6.13,6.13,6.13,135.42,53%,110
815,5.81,5.71,6.02,5.81,125.89,49%,110
816,5.71,5.81,6.02,5.81,128.94,51%,110
817,5.5,5.92,6.13,5.92,132.05,52%,110
818,5.81,5.71,6.54,5.81,127.75,50%,110
819,5.71,5.5,6.02,5.71,125.5,49%,110
820,5.81,5.71,6.13,5.81,129.61,51%,110
821,5.81,5.71,6.13,5.81,128.47,50%,110
822,5.6,5.6,5.71,5.6,121.96,48%,110
823,5.71,5.6,6.65,5.71,127.07,50%,110
824,5.71,5.92,6.13,5.92,132.28,52%,110
825,5.71,7.48,6.33,6.33,142.9,56%,110
826,5.81,18.58,6.13,6.13,132.51,52%,110
827,5.71,10.34,6.02,6.02,131.46,52%,110
828,5.71,6.44,6.23,6.23,138.91,54%,110
829,5.71,8.61,6.23,6.23,136.93,54%,110
830,5.6,5.81,4.54,5.6,117.85,46%,110
831,5.71,5.71,6.13,5.71,127.15,50%,110
832,5.92,5.92,6.13,5.92,132.36,52%,110
833,5.81,5.92,6.23,5.92,130.21,51%,110
834,5.6,6.44,6.13,6.13,136.56,54%,110
835,5.81,5.81,6.13,5.81,124.94,49%,110
836,6.02,6.33,6.23,6.23,140.77,55%,110
837,5.81,6.02,6.13,6.02,130.31,51%,110
838,5.81,7.99,6.02,6.02,132.41,52%,110
839,5.81,6.13,6.02,6.02,132.42,52%,110
840,5.81,9.83,6.13,6.13,135.63,53%,110
841,5.81,6.02,6.13,6.02,131.45,52%,110
842,5.71,6.02,6.02,6.02,132.51,52%,110
843,5.5,5.81,6.02,5.81,126.12,49%,110
844,5.71,5.71,6.13,5.71,124.92,49%,110
845,5.71,5.81,6.13,5.81,129.03,51%,110
846,5.71,5.71,6.02,5.71,124.68,49%,110
847,5.81,5.6,6.13,5.81,128.79,51%,110
848,5.81,5.71,6.02,5.81,127.64,50%,110
849,5.71,5.71,6.33,5.71,124.34,49%,110
850,5.71,5.71,6.13,5.71,125.24,49%,110
851,5.71,6.23,6.02,6.02,134.7,53%,110
852,5.81,17.79,6.23,6.23,137.95,54%,110
853,5.81,10.23,6.33,6.33,139.16,55%,110
854,5.81,6.23,6.13,6.13,131.9,52%,110
855,5.81,8.1,6.33,6.33,140.43,55%,110
856,5.81,17.79,6.13,6.13,132.13,52%,110
857,5.81,7.68,6.02,6.02,131.09,51%,110
858,5.6,5.71,6.13,5.71,122.54,48%,110
859,5.81,5.71,6.44,5.81,128.75,50%,110
860,5.81,5.92,6.23,5.92,130.81,51%,110
861,5.39,5.81,6.13,5.81,126.51,50%,110
862,5.81,5.71,6.02,5.81,127.47,50%,110
864,6.13,5.71,6.02,6.02,133.77,52%,110
865,5.92,6.23,6.13,6.13,134.88,53%,110
866,5.71,6.33,6.13,6.13,133.89,53%,110
867,5.71,5.92,5.92,5.92,127.57,50%,110
868,5.81,6.75,5.92,5.92,129.62,51%,110
869,5.81,6.75,6.13,6.13,135.97,53%,110
870,5.92,7.99,6.02,6.02,130.74,51%,110
871,5.81,8.81,6.13,6.13,134.99,53%,110
872,5.81,6.13,6.13,6.13,134.01,53%,110
873,5.92,5.92,6.02,5.92,127.68,50%,110
874,5.6,5.92,6.13,5.92,129.73,51%,110
875,5.81,5.6,6.02,5.81,126.49,50%,110
876,5.81,5.71,6.13,5.81,127.44,50%,110
877,5.81,5.71,6.23,5.81,127.35,50%,110
878,5.71,5.71,6.13,5.71,124.05,49%,110
879,5.81,5.6,6.33,5.81,128.16,50%,110
880,5.81,5.71,8.51,5.81,127.01,50%,110
881,5.92,5.81,6.23,5.92,130.12,51%,110
882,5.71,6.75,6.13,6.13,135.42,53%,110
883,5.81,6.96,6.02,6.02,130.19,51%,110
884,5.92,25.54,6.13,6.13,134.45,53%,110
885,5.71,6.96,5.81,5.81,123.87,49%,110
886,5.6,10.34,6.13,6.13,136.51,54%,110
887,6.13,6.13,6.23,6.13,133.43,52%,110
888,5.71,10.44,6.13,6.13,133.49,52%,110
889,5.71,6.23,6.13,6.13,133.55,52%,110
890,6.33,10.23,6.02,6.33,139.99,55%,110
891,6.13,7.89,6.13,6.13,131.69,52%,110
892,5.71,5.81,6.02,5.81,124.25,49%,110
893,5.71,5.81,6.13,5.81,127.3,50%,110
894,6.86,5.81,6.02,6.02,133.61,52%,110
895,5.92,5.81,6.23,5.92,128.32,50%,110
896,5.92,5.81,6.13,5.92,129.33,51%,110
897,5.92,5.81,6.13,5.92,129.29,51%,110
898,5.81,5.81,6.02,5.81,126.04,49%,110
899,5.92,6.33,6.02,6.02,133.4,52%,110
900,5.81,6.54,5.92,5.92,128.11,50%,110
901,5.81,5.92,6.02,5.92,129.12,51%,110
902,5.71,7.68,6.02,6.02,132.27,52%,110
903,5.92,6.23,6.02,6.02,131.24,51%,110
904,5.81,6.23,6.13,6.13,134.44,53%,110
905,5.71,5.92,6.13,5.92,127.06,50%,110
906,5.5,5.71,6.13,5.71,122.71,48%,110
907,5.71,5.71,6.13,5.71,124.66,49%,110
908,5.81,5.6,6.33,5.81,127.72,50%,110
909,5.71,5.6,6.23,5.71,123.37,48%,110
910,5.81,5.6,6.86,5.81,127.48,50%,110
911,5.81,5.71,6.02,5.81,126.34,50%,110
912,5.81,5.71,8.51,5.81,126.24,50%,110
913,5.92,5.71,6.23,5.92,129.35,51%,110
914,5.92,6.44,6.02,6.02,131.45,52%,110
915,5.92,10.44,6.02,6.02,130.41,51%,110
916,5.71,8.61,6.23,6.23,136.81,54%,110
917,5.92,10.34,6.13,6.13,131.64,52%,110
918,5.71,5.92,6.13,5.92,126.36,50%,110
919,5.71,7.58,6.13,6.13,134.8,53%,110
920,5.81,17.79,6.23,6.23,135.96,53%,110
921,5.81,10.34,6.02,6.02,128.64,50%,110
922,5.81,7.27,6.13,6.13,133.94,53%,110
923,5.92,17.89,6.13,6.13,132.96,52%,110
924,5.71,10.44,6.13,6.13,133.02,52%,110
925,6.13,6.75,6.13,6.13,133.08,52%,110
926,5.81,24.53,6.13,6.13,133.15,52%,110
927,5.71,17.89,6.13,6.13,133.21,52%,110
928,5.81,8.51,6.13,6.13,133.27,52%,110
929,5.6,25.54,6.13,6.13,133.33,52%,110
930,5.81,15.82,6.13,6.13,133.4,52%,110
931,5.81,17.89,6.23,6.23,136.65,54%,110
932,5.81,10.34,6.13,6.13,132.53,52%,110
933,5.6,6.02,6.13,6.02,130.44,51%,110
934,5.71,9.73,6.13,6.13,134.7,53%,110
935,5.92,25.44,6.13,6.13,133.71,52%,110
936,5.81,10.23,6.23,6.23,136.96,54%,110
937,5.71,6.75,6.02,6.02,129.65,51%,110
938,6.13,9.83,6.75,6.75,154.04,60%,110
939,8.1,25.44,6.13,8.1,188.09,74%,110
940,5.81,18.58,6.44,6.44,125.18,49%,110
941,5.92,25.54,6.13,6.13,132.41,52%,110
942,5.81,6.86,6.02,6.02,132.41,52%,110
943,5.71,17.89,6.13,6.13,136.66,54%,110
944,5.92,7.58,6.13,6.13,135.68,53%,110
945,5.81,5.6,6.02,5.81,126.15,49%,110
946,6.13,5.71,6.44,6.13,138.79,54%,110
947,5.71,5.81,6.13,5.81,126.11,49%,110
948,5.71,5.71,6.02,5.71,125.96,49%,110
949,5.81,5.6,6.13,5.81,130.07,51%,110
950,5.81,5.5,6.13,5.81,128.92,51%,110
951,5.81,6.33,6.13,6.13,138.42,54%,110
952,5.71,6.44,6.02,6.02,132.14,52%,110
953,5.71,5.92,5.81,5.81,126.8,50%,110
954,5.81,6.86,6.02,6.02,135.2,53%,110
955,5.81,9.53,6.02,6.02,133.12,52%,110
956,5.81,6.02,6.13,6.02,133.13,52%,110
957,5.71,5.6,5.92,5.71,123.54,48%,110
958,5.71,5.71,6.02,5.71,126.54,50%,110
959,5.71,5.6,6.13,5.71,126.39,50%,110
960,5.71,5.6,5.92,5.71,126.24,50%,110
961,5.71,5.6,5.92,5.71,126.1,49%,110
962,5.71,5.6,6.02,5.71,125.95,49%,110
963,5.71,5.71,6.96,5.71,125.8,49%,110
964,5.71,5.81,6.02,5.81,128.86,51%,110
965,5.71,7.99,5.39,5.71,124.51,49%,110
966,5.71,5.81,6.13,5.81,128.62,50%,110
967,6.02,5.71,6.02,6.02,133.87,52%,110
968,5.71,5.71,6.02,5.71,122.18,48%,110
969,5.81,5.6,6.02,5.81,128.39,50%,110
970,5.81,5.92,6.13,5.92,130.44,51%,110
971,6.02,6.96,6.13,6.13,135.74,53%,110
972,5.71,5.71,6.02,5.71,120.91,47%,110
973,5.71,5.6,5.81,5.71,124.96,49%,110
974,5.81,6.02,6.02,6.02,134.41,53%,110
975,5.81,9.12,6.13,6.13,134.47,53%,110
976,5.71,6.02,6.13,6.02,130.29,51%,110
977,6.23,6.02,6.13,6.13,134.55,53%,110
978,5.81,6.02,6.13,6.02,130.36,51%,110
979,5.6,5.92,6.13,5.92,128.23,50%,110
980,5.6,5.81,6.02,5.81,126.03,49%,110
981,5.71,5.71,6.02,5.71,123.78,49%,110
982,5.81,5.71,6.13,5.81,127.89,50%,110
983,5.71,5.6,6.23,5.71,123.54,48%,110
984,5.71,5.6,6.02,5.71,124.44,49%,110
985,5.71,5.71,6.02,5.71,124.3,49%,110
986,5.71,5.71,6.13,5.71,124.15,49%,110
987,5.71,6.65,6.13,6.13,136.8,54%,110
988,5.71,8.2,6.13,6.13,132.67,52%,110
989,5.71,5.81,6.13,5.81,123.14,48%,110
990,5.81,5.71,6.33,5.81,126.19,49%,110
991,5.81,5.81,6.02,5.81,126.09,49%,110
992,5.39,5.81,6.13,5.81,126,49%,110
993,5.81,5.92,6.23,5.92,129.1,51%,110
994,5.28,5.5,6.13,5.5,115.19,45%,110
995,5.81,6.02,6.13,6.02,135.16,53%,110
996,5.81,6.54,5.92,5.92,126.72,50%,110
997,5.81,6.54,6.02,6.02,130.92,51%,110
998,5.92,6.23,6.13,6.13,133.08,52%,110
999,5.71,10.03,6.13,6.13,132.1,52%,110
1000,5.81,6.96,6.23,6.23,135.35,53%,110
1001,5.92,7.17,6.02,6.02,128.03,50%,110
1002,5.81,7.48,6.02,6.02,130.14,51%,110
1003,5.71,8.2,6.13,6.13,133.34,52%,110
1004,5.92,6.23,5.92,5.92,125.97,49%,110
1005,5.81,7.48,6.13,6.13,134.41,53%,110
1006,5.81,6.86,6.13,6.13,132.38,52%,110
1007,5.71,6.23,6.02,6.02,129.25,51%,110
1008,5.81,6.02,6.02,6.02,130.3,51%,110
1009,5.81,7.37,6.02,6.02,130.31,51%,110
1010,5.81,7.89,6.13,6.13,133.52,52%,110
1011,5.71,7.27,6.02,6.02,129.34,51%,110
1012,6.02,6.96,6.13,6.13,133.59,52%,110
1013,5.81,7.37,6.02,6.02,129.41,51%,110
1014,5.92,6.33,6.13,6.13,133.67,52%,110
1015,5.71,6.54,6.02,6.02,129.49,51%,110
1016,5.81,6.65,6.13,6.13,133.74,52%,110
1017,5.92,6.96,5.92,5.92,126.36,50%,110
1018,5.81,5.92,8.51,5.92,128.42,50%,110
1019,5.81,6.65,5.81,5.81,125.17,49%,110
1020,5.81,6.96,5.92,5.92,129.33,51%,110
1021,5.81,6.02,5.92,5.92,128.24,50%,110
1022,5.81,5.92,5.71,5.81,124.99,49%,110
1023,5.81,5.92,5.81,5.81,125.95,49%,110
1024,5.81,6.54,5.92,5.92,129.05,51%,110
1025,5.81,6.86,5.92,5.92,127.96,50%,110
1026,5.81,6.44,5.81,5.81,124.72,49%,110
1027,5.71,5.92,5.92,5.92,128.88,51%,110
1028,5.81,6.65,5.92,5.92,127.78,50%,110
1029,5.81,6.54,6.02,6.02,130.94,51%,110
1030,5.81,6.33,5.92,5.92,126.7,50%,110
1031,5.81,6.54,5.92,5.92,127.71,50%,110
1032,5.81,6.44,6.13,6.13,134.06,53%,110
1033,5.81,6.02,6.23,6.02,128.83,51%,110
1034,5.71,5.92,6.02,5.92,126.69,50%,110
1035,5.71,5.92,6.13,5.92,127.7,50%,110
1036,5.81,6.23,6.13,6.13,134.05,53%,110
1037,5.6,6.02,6.13,6.02,128.82,51%,110
1038,5.71,6.44,6.02,6.02,129.88,51%,110
1039,5.81,6.33,6.13,6.13,133.08,52%,110
1040,5.92,6.54,6.13,6.13,132.1,52%,110
1041,5.39,6.13,6.02,6.02,128.97,51%,110
1042,5.81,5.81,6.02,5.81,123.63,48%,110
1043,5.5,5.92,6.02,5.92,128.83,51%,110
1044,5.92,6.23,6.13,6.13,134.13,53%,110
1045,5.5,7.06,6.13,6.13,132.1,52%,110
1046,5.71,5.92,6.02,5.92,125.77,49%,110
1047,5.71,5.6,6.13,5.71,121.42,48%,110
1048,5.81,5.81,6.13,5.81,126.57,50%,110
1049,5.39,6.13,6.23,6.13,135.02,53%,110
1050,5.81,5.71,6.13,5.81,122.35,48%,110
1051,5.71,5.5,6.02,5.71,122.19,48%,110
1052,5.81,5.92,6.23,5.92,129.5,51%,110
1053,5.6,5.92,6.02,5.92,127.36,50%,110
1054,5.81,6.23,6.13,6.13,133.71,52%,110
1055,5.5,5.92,6.13,5.92,125.28,49%,110
1056,5.81,5.92,6.13,5.92,127.34,50%,110
1057,5.81,5.71,6.13,5.81,124.09,49%,110
1058,5.81,5.81,6.02,5.81,125.05,49%,110
1059,5.92,5.92,6.13,5.92,128.16,50%,110
1060,5.71,5.92,6.23,5.92,127.06,50%,110
1061,5.92,5.81,6.13,5.92,127.02,50%,110
1062,5.81,5.81,6.13,5.81,123.78,49%,110
1063,5.81,6.33,6.13,6.13,134.33,53%,110
1064,5.71,6.02,6.13,6.02,128.05,50%,110
1065,5.81,5.92,6.02,5.92,125.91,49%,110
1066,5.6,5.6,6.23,5.6,117.3,46%,110
1067,5.81,6.23,6.23,6.23,139.45,55%,110
1068,5.71,6.23,6.13,6.13,130.08,51%,110
1069,5.92,5.81,6.13,5.92,124.8,49%,110
1070,6.02,6.44,6.13,6.13,133.24,52%,110
1071,5.81,5.92,6.13,5.92,124.82,49%,110
1072,6.02,6.13,6.23,6.13,133.26,52%,110
1073,5.92,5.81,6.13,5.92,124.84,49%,110
1074,6.13,5.81,6.23,6.13,133.29,52%,110
1075,5.92,5.92,6.13,5.92,124.86,49%,110
1076,3.47,5.6,6.13,5.6,117.3,46%,110
1077,5.81,5.71,6.13,5.81,126.67,50%,110
1078,5.92,6.13,6.13,6.13,134.06,53%,110
1079,5.81,5.92,6.13,5.92,124.59,49%,110
1080,5.92,6.02,6.02,6.02,129.84,51%,110
1081,5.81,5.81,6.13,5.81,122.4,48%,110
1082,6.02,6.23,6.13,6.13,134,53%,110
1083,5.92,5.92,6.13,5.92,124.52,49%,110
1084,6.02,5.71,6.13,6.02,129.77,51%,110
1085,5.81,5.81,6.13,5.81,122.34,48%,110
1086,5.92,5.81,6.13,5.92,127.54,50%,110
1087,5.81,5.92,6.23,5.92,126.45,50%,110
1088,5.81,5.81,6.13,5.81,123.21,48%,110
1089,5.81,5.81,6.13,5.81,124.16,49%,110
1090,5.92,6.33,6.13,6.13,133.66,52%,110
1091,5.81,5.92,6.23,5.92,124.19,49%,110
1092,5.81,5.81,6.13,5.81,123.04,48%,110
1093,5.81,5.6,6.13,5.81,123.99,49%,110
1094,5.92,5.92,6.23,5.92,127.1,50%,110
1095,5.71,5.81,6.13,5.81,122.81,48%,110
1096,5.92,5.71,6.13,5.92,126.96,50%,110
1097,6.23,5.92,6.23,6.23,135.45,53%,110
1098,5.92,6.02,6.23,6.02,126.04,49%,110
1099,6.33,6.33,6.86,6.33,137.72,54%,110
1100,5.81,5.81,6.13,5.81,118.78,47%,110
1101,5.81,6.13,6.13,6.13,133.51,52%,110
1102,5.92,5.92,6.23,5.92,124.04,49%,110
1103,5.81,6.23,6.23,6.23,135.67,53%,110
1104,5.71,5.81,6.13,5.81,119.86,47%,110
1105,5.71,6.02,6.23,6.02,130.36,51%,110
1106,5.92,5.81,6.23,5.92,125.07,49%,110
1107,6.86,5.6,6.23,6.23,135.66,53%,110
1108,5.81,5.81,6.13,5.81,119.85,47%,110
1109,5.81,5.81,6.23,5.81,123.95,49%,110
1110,5.92,5.92,6.13,5.92,127.05,50%,110
1111,5.92,4.12,6.23,5.92,125.96,49%,110
1112,5.92,5.81,6.13,5.92,125.92,49%,110
1113,5.92,6.65,6.13,6.13,132.27,52%,110
1114,5.92,5.92,6.13,5.92,123.84,49%,110
1115,5.81,5.81,6.13,5.81,122.7,48%,110
1116,5.92,5.81,6.13,5.92,126.85,50%,110
1117,6.02,6.13,6.23,6.13,132.15,52%,110
1118,5.81,5.92,6.23,5.92,123.73,49%,110
1119,6.13,5.71,6.23,6.13,132.17,52%,110
1120,5.81,5.81,6.13,5.81,120.55,47%,110
1121,6.02,5.81,6.23,6.02,130,51%,110
1122,5.92,5.92,6.23,5.92,124.71,49%,110
1123,5.92,5.81,6.13,5.92,125.72,49%,110
1124,5.81,5.81,6.13,5.81,122.48,48%,110
1125,5.81,5.92,6.23,5.92,126.63,50%,110
1126,5.92,5.92,6.23,5.92,125.54,49%,110
1127,5.92,5.81,6.13,5.92,125.5,49%,110
1128,5.81,5.71,6.13,5.81,122.25,48%,110
1129,5.81,5.92,6.23,5.92,126.41,50%,110
1130,5.92,5.92,6.13,5.92,125.32,49%,110
1131,5.92,5.71,6.13,5.92,125.28,49%,110
1132,5.92,5.81,6.13,5.92,125.23,49%,110
1133,5.92,5.92,6.23,5.92,125.19,49%,110
1134,5.81,5.81,6.33,5.81,121.95,48%,110
1135,5.92,5.81,6.23,5.92,126.11,49%,110
1136,5.92,5.71,6.23,5.92,125.01,49%,110
1137,5.92,6.13,6.23,6.13,131.36,52%,110
1138,5.71,5.92,6.33,5.92,122.94,48%,110
1139,5.81,5.71,6.13,5.81,121.79,48%,110
1140,5.5,5.6,6.23,5.6,116.33,46%,110
1141,6.02,6.02,6.33,6.02,131.05,51%,110
1142,5.92,6.23,6.13,6.13,130.05,51%,110
1143,5.92,5.81,6.13,5.92,122.67,48%,110
